Filename,Original Song Name,,,
STRM_BGM_D1_M1,Psychokinesis / SamplingMasters MEGA,,,
STRM_BGM_D1_M2,Streams of Lights / Hiroshi Okubo,,,
STRM_BGM_D1_M3,Venomous / Rio Hamamoto,,,
STRM_BGM_D1_M4,Heat Shadows,,,
STRM_BGM_D1_M5,Phantasize,,,
STRM_BGM_D2_M1,Nox Warheads,,,
STRM_BGM_D2_M2,Rolling Glider,,,
STRM_BGM_D2_M3,Nitro Right Now,,,
STRM_BGM_D2_M4,Burn Up The Road,,,
STRM_BGM_D2_M5,Angel Halo,,,
STRM_BGM_D3_M1,Call of Apsara,,,
STRM_BGM_D3_M2,My Crazy Chainsaw,,,
STRM_BGM_D3_M3,Aberration,,,
STRM_BGM_D3_M4,Napalm Sled,,,
STRM_BGM_D3_M5,Dr. Mad’s Gone,,,
STRM_BGM_D4_M1,Ridge Racer,,,
STRM_BGM_D4_M2,Drive U 2 Dancing Remix,,,
STRM_BGM_D4_M3,Euphoria,,,
STRM_BGM_D4_M4,Rotten7 Remix,,,
STRM_BGM_D4_M5,M.T.T.B,,,
STRM_BGM_D5_M1,Orbital Rock,,,
STRM_BGM_D5_M2,Ridge Racer Remix,,,
STRM_BGM_D5_M3,DareDevil,,,
STRM_BGM_D5_M4,Move Me,,,
STRM_BGM_D5_M5,Freak Out,,,
STRM_BGM_D6_M1,Combustion,,,
STRM_BGM_D6_M2,Explorers,,,
STRM_BGM_D6_M3,Ultra Cruise,,,
STRM_BGM_D6_M4,Trail of Light,,,
STRM_BGM_D6_M5,Radiance,,,
Special Pacman Disc,,,,
STRM_BGM_DP_M1,,,,
STRM_BGM_DP_M2,,,,
STRM_BGM_DP_M3,,,,
STRM_BGM_DP_M4,,,,
STRM_BGM_DP_M5,,,,
Other Music,,,,
STRM_BGM_ED,,,,
STRM_BGM_OP,,,,
STRM_BGM_STARTING_GRID,Music that plays before race,,,
Ambient Noises,,,,
STRM_INTRO_B2N_N,,,,
STRM_INTRO_B2N_R,,,,
STRM_INTRO_D1N_N,,,,
STRM_INTRO_D1N_R,,,,
STRM_INTRO_D2N_N,,,,
STRM_INTRO_D2N_R,,,,
STRM_INTRO_E1N_N,,,,
STRM_INTRO_E1N_R,,,,
STRM_INTRO_E2N_N,,,,
STRM_INTRO_E2N_R,,,,
STRM_INTRO_F1N_N,,,,
STRM_INTRO_F1N_R,,,,
STRM_INTRO_F3N_N,,,,
STRM_INTRO_F3N_R,,,,
STRM_INTRO_G1N_N,,,,
STRM_INTRO_G1N_R,,,,
STRM_INTRO_H1N_N,,,,
STRM_INTRO_H1N_R,,,,
STRM_INTRO_I1N_N,,,,
STRM_INTRO_I1N_R,,,,
STRM_INTRO_N2E_N,,,,
STRM_INTRO_N2E_R,,,,
STRM_INTRO_N2N_N,,,,
STRM_INTRO_N2N_R,,,,
STRM_INTRO_N3M_N,,,,
STRM_INTRO_N3M_R,,,,
STRM_INTRO_N3O_N,,,,
STRM_INTRO_N3O_R,,,,
STRM_INTRO_N5S_N,,,,
STRM_INTRO_N5S_R,,,,
Female Voices,,,,
STRM_VF001,“Ridge Racer”,,,
STRM_VF002,“Ridge Racer”,,,
STRM_VF003,“Ridge Racer”,,,
STRM_VF004,“Ridge Racer”,,,
STRM_VF005,“3”,,,
STRM_VF006,“2”,,,
STRM_VF007,“1”,,,
STRM_VF008,“Go!”,,,
STRM_VF009,“3”,,,
STRM_VF010,“2”,,,
STRM_VF011,“1”,,,
STRM_VF012,“Go!”,,,
STRM_VF013,“3”,,,
STRM_VF014,“2”,,,
STRM_VF015,“1”,,,
STRM_VF016,“Go!”,,,
STRM_VF017,“3”,,,
STRM_VF018,“2”,,,
STRM_VF019,“1”,,,
STRM_VF020,“Go!”,,,
Great Start,,,,
STRM_VF021,,,,
STRM_VF022,,,,
STRM_VF023,,,,
STRM_VF024,,,,
,,,,
STRM_VF025,,,,
STRM_VF026,,,,
STRM_VF027,,,,
STRM_VF028,,,,
STRM_VF029,,,,
STRM_VF030,,,,
STRM_VF031,,,,
STRM_VF032,,,,
STRM_VF033,,,,
STRM_VF034,,,,
STRM_VF035,,,,
STRM_VF036,“World Racers...”,,,
STRM_VF037,,,,
STRM_VF038,,,,
STRM_VF039,,,,
STRM_VF040,,,,
STRM_VF041,,,,
STRM_VF042,,,,
STRM_VF043,,,,
STRM_VF044,,,,
STRM_VF045,,,,
STRM_VF046,“Final Lap”,,,
STRM_VF047,“Final Lap”,,,
STRM_VF048,“Final Lap”,,,
STRM_VF049,“Final Lap”,,,
STRM_VF050,“Final Lap”,,,
STRM_VF051,“Final Lap”,,,
STRM_VF052,,,,
STRM_VF053,,,,
STRM_VF054,,,,
STRM_VF055,,,,
STRM_VF056,,,,
STRM_VF057,,,,
STRM_VF058,,,,
STRM_VF059,,,,
STRM_VF060,,,,
STRM_VF061,,,,
STRM_VF062,,,,
STRM_VF063,,,,
STRM_VF064,,,,
STRM_VF065,,,,
STRM_VF066,,,,
STRM_VF067,,,,
STRM_VF068,,,,
STRM_VF069,,,,
STRM_VF070,,,,
STRM_VF071,,,,
STRM_VF072,,,,
STRM_VF073,,,,
STRM_VF074,,,,
STRM_VF075,,,,
STRM_VF076,,,,
STRM_VF077,,,,
STRM_VF078,,,,
STRM_VF079,,,,
STRM_VF080,,,,
STRM_VF081,,,,
STRM_VF082,,,,
STRM_VF083,,,,
STRM_VF084,,,,
STRM_VF085,,,,
STRM_VF086,,,,
STRM_VF087,,,,
STRM_VF088,,,,
STRM_VF089,,,,
STRM_VF090,,,,
STRM_VF091,,,,
STRM_VF092,,,,
STRM_VF093,,,,
STRM_VF094,,,,
STRM_VF095,,,,
STRM_VF096,,,,
STRM_VF097,,,,
STRM_VF098,,,,
STRM_VF099,,,,
STRM_VF100,,,,
STRM_VF101,,,,
STRM_VF102,,,,
STRM_VF103,,,,
STRM_VF104,,,,
STRM_VF105,,,,
STRM_VF106,,,,
STRM_VF107,,,,
STRM_VF108,,,,
STRM_VF109,,,,
STRM_VF110,,,,
STRM_VF111,,,,
STRM_VF112,,,,
STRM_VF113,,,,
STRM_VF114,,,,
STRM_VF115,,,,
STRM_VF116,,,,
STRM_VF117,,,,
STRM_VF118,,,,
STRM_VF119,,,,
STRM_VF120,,,,
STRM_VF121,,,,
STRM_VF122,,,,
STRM_VF123,,,,
STRM_VF124,,,,
STRM_VF125,,,,
STRM_VF126,,,,
STRM_VF127,,,,
STRM_VF128,,,,
STRM_VF129,,,,
STRM_VF130,,,,
STRM_VF131,,,,
STRM_VF132,,,,
STRM_VF133,,,,
STRM_VF134,,,,
STRM_VF135,,,,
STRM_VF136,,,,
STRM_VF137,,,,
STRM_VF138,,,,
STRM_VF139,,,,
STRM_VF140,,,,
STRM_VF141,,,,
STRM_VF142,,,,
STRM_VF143,,,,
STRM_VF144,,,,
STRM_VF145,,,,
STRM_VF146,,,,
STRM_VF147,,,,
STRM_VF148,,,,
STRM_VF149,,,,
STRM_VF150,,,,
STRM_VF151,,,,
STRM_VF152,,,,
STRM_VF153,,,,
STRM_VF154,,,,
STRM_VF155,,,,
STRM_VF156,,,,
STRM_VF157,,,,
STRM_VF158,,,,
STRM_VF159,,,,
STRM_VF160,,,,
STRM_VF161,,,,
STRM_VF162,,,,
STRM_VF163,,,,
STRM_VF164,,,,
STRM_VF165,,,,
STRM_VF166,,,,
STRM_VF167,,,,
STRM_VF168,,,,
STRM_VF169,,,,
STRM_VF170,,,,
STRM_VF171,,,,
STRM_VF172,,,,
STRM_VF173,,,,
STRM_VF174,,,,
STRM_VF175,,,,
STRM_VF176,,,,
STRM_VF177,,,,
STRM_VF178,,,,
STRM_VF179,,,,
STRM_VF180,,,,
STRM_VF181,,,,
STRM_VF182,,,,
STRM_VF183,,,,
STRM_VF184,,,,
STRM_VF185,,,,
STRM_VF186,,,,
STRM_VF187,,,,
STRM_VF188,,,,
STRM_VF189,,,,
STRM_VF190,,,,
STRM_VF191,,,,
STRM_VF192,,,,
STRM_VF193,,,,
STRM_VF194,,,,
STRM_VF195,,,,
STRM_VF196,,,,
STRM_VF197,,,,
STRM_VF198,,,,
STRM_VF199,,,,
STRM_VF200,,,,
STRM_VF201,,,,
STRM_VF202,,,,
STRM_VF203,,,,
STRM_VF204,,,,
STRM_VF205,,,,
STRM_VF206,,,,
STRM_VF207,,,,
STRM_VF208,,,,
STRM_VF209,,,,
STRM_VF210,,,,
STRM_VF211,,,,
STRM_VF212,,,,
STRM_VF213,,,,
STRM_VF214,,,,
STRM_VF215,,,,
STRM_VF216,,,,
STRM_VF217,,,,
STRM_VF218,,,,
STRM_VF219,,,,
STRM_VF220,,,,
STRM_VF221,,,,
STRM_VF222,,,,
STRM_VF223,,,,
STRM_VF224,,,,
STRM_VF225,,,,
STRM_VF226,,,,
STRM_VF227,,,,
STRM_VF228,,,,
STRM_VF229,,,,
STRM_VF230,,,,
STRM_VF231,,,,
STRM_VF232,,,,
STRM_VF233,,,,
STRM_VF234,,,,
STRM_VF235,,,,
STRM_VF236,,,,
STRM_VF237,,,,
STRM_VF238,,,,
STRM_VF239,,,,
STRM_VF240,,,,
STRM_VF241,,,,
STRM_VF242,,,,
STRM_VF243,,,,
STRM_VF244,,,,
STRM_VF245,,,,
STRM_VF246,,,,
STRM_VF247,,,,
STRM_VF248,,,,
STRM_VF249,,,,
STRM_VF250,,,,
STRM_VF251,,,,
STRM_VF252,,,,
STRM_VF253,,,,
STRM_VF254,,,,
STRM_VF255,,,,
STRM_VF256,,,,
STRM_VF257,,,,
STRM_VF258,,,,
STRM_VF259,,,,
STRM_VF260,,,,
STRM_VF261,,,,
STRM_VF262,,,,
STRM_VF263,,,,
STRM_VF264,,,,
STRM_VF265,,,,
STRM_VF266,,,,
STRM_VF267,,,,
STRM_VF268,,,,
STRM_VF269,,,,
STRM_VF270,,,,
STRM_VF271,,,,
STRM_VF272,,,,
STRM_VF273,,,,
STRM_VF274,,,,
STRM_VF275,,,,
STRM_VF276,,,,
STRM_VF277,,,,
STRM_VF278,,,,
STRM_VF279,,,,
STRM_VF280,,,,
STRM_VF281,,,,
STRM_VF282,,,,
STRM_VF283,,,,
STRM_VF284,,,,
STRM_VF285,,,,
STRM_VF286,,,,
STRM_VF287,“Finish!”,,,
STRM_VF288,“Finish!”,,,
STRM_VF289,“Finish!”,,,
STRM_VF290,“Finish!”,,,
STRM_VF291,“Well Done”,,,
STRM_VF292,,,,
STRM_VF293,,,,
STRM_VF294,,,,
STRM_VF295,,,,
STRM_VF296,,,,
STRM_VF297,,,,
STRM_VF298,,,,
STRM_VF299,,,,
STRM_VF300,,,,
STRM_VF301,,,,
STRM_VF302,,,,
STRM_VF303,,,,
STRM_VF304,,,,
STRM_VF305,,,,
STRM_VF306,,,,
STRM_VF307,,,,
STRM_VF308,,,,
STRM_VF309,,,,
STRM_VF310,,,,
STRM_VF311,,,,
STRM_VF312,,,,
STRM_VF313,,,,
STRM_VF314,,,,
STRM_VF315,,,,
STRM_VF316,,,,
STRM_VF317,,,,
STRM_VF318,,,,
STRM_VF319,,,,
STRM_VF320,,,,
STRM_VF321,,,,
STRM_VF322,,,,
STRM_VF323,,,,
STRM_VF324,,,,
STRM_VF325,,,,
STRM_VF326,,,,
STRM_VF327,,,,
STRM_VF328,,,,
STRM_VF329,,,,
STRM_VF330,,,,
STRM_VF331,,,,
STRM_VF332,,,,
STRM_VF333,,,,
STRM_VF334,,,,
STRM_VF335,,,,
STRM_VF336,,,,
STRM_VF337,,,,
STRM_VF338,,,,
STRM_VF339,,,,
STRM_VF340,,,,
STRM_VF341,,,,
STRM_VF342,,,,
STRM_VF343,,,,
STRM_VF344,,,,
STRM_VF345,,,,
STRM_VF346,,,,
STRM_VF347,,,,
STRM_VF348,,,,
STRM_VF349,,,,
STRM_VF350,,,,
STRM_VF351,,,,
STRM_VF352,,,,
STRM_VF353,,,,
STRM_VF354,,,,
STRM_VF355,,,,
STRM_VF356,,,,
STRM_VF357,,,,
STRM_VF358,,,,
STRM_VF359,,,,
STRM_VF360,,,,
STRM_VF361,,,,
STRM_VF362,,,,
STRM_VF363,,,,
STRM_VF364,,,,
STRM_VF365,,,,
STRM_VF366,,,,
STRM_VF367,,,,
STRM_VF368,,,,
STRM_VF369,,,,
STRM_VF370,,,,
STRM_VF371,,,,
STRM_VF372,,,,
STRM_VF373,,,,
STRM_VF374,,,,
STRM_VF375,,,,
STRM_VF376,,,,
STRM_VF377,,,,
STRM_VF378,,,,
STRM_VF379,,,,
STRM_VF380,,,,
STRM_VF381,,,,
STRM_VF382,,,,
STRM_VF383,,,,
STRM_VF384,,,,
STRM_VF385,,,,
STRM_VF386,,,,
STRM_VF387,,,,
STRM_VF388,,,,
STRM_VF389,,,,
STRM_VF390,,,,
STRM_VF391,,,,
STRM_VF392,,,,
STRM_VF393,,,,
STRM_VF394,,,,
STRM_VF395,,,,
STRM_VF396,,,,
STRM_VF397,,,,
STRM_VF398,,,,
STRM_VF399,,,,
STRM_VF400,,,,
STRM_VF401,,,,
STRM_VF402,,,,
STRM_VF403,,,,
STRM_VF404,,,,
STRM_VF405,,,,
STRM_VF406,,,,
STRM_VF407,,,,
STRM_VF408,,,,
STRM_VF409,,,,
STRM_VF410,,,,
STRM_VF411,,,,
STRM_VF412,,,,
STRM_VF413,,,,
STRM_VF414,,,,
STRM_VF415,,,,
STRM_VF416,,,,
STRM_VF417,,,,
STRM_VF418,,,,
STRM_VF419,,,,
STRM_VF420,,,,
STRM_VF421,,,,
STRM_VF422,,,,
STRM_VF423,,,,
STRM_VF424,,,,
STRM_VF425,,,,
STRM_VF426,,,,
STRM_VF427,,,,
STRM_VF428,,,,
STRM_VF429,,,,
STRM_VF430,,,,
STRM_VF431,,,,
STRM_VF432,,,,
STRM_VF433,,,,
STRM_VF434,,,,
STRM_VF435,,,,
STRM_VF436,,,,
STRM_VF437,,,,
STRM_VF438,,,,
STRM_VF439,,,,
STRM_VF440,,,,
STRM_VF441,,,,
STRM_VF442,,,,
STRM_VF443,,,,
STRM_VF444,,,,
Male Voices,,,,
STRM_VM001,,,,
STRM_VM002,,,,
STRM_VM003,,,,
STRM_VM004,,,,
STRM_VM005,,,,
STRM_VM006,,,,
STRM_VM007,,,,
STRM_VM008,,,,
STRM_VM009,,,,
STRM_VM010,,,,
STRM_VM011,,,,
STRM_VM012,,,,
STRM_VM013,,,,
STRM_VM014,,,,
STRM_VM015,,,,
STRM_VM016,,,,
STRM_VM017,,,,
STRM_VM018,,,,
STRM_VM019,,,,
STRM_VM020,,,,
STRM_VM021,,,,
STRM_VM022,,,,
STRM_VM023,,,,
STRM_VM024,,,,
STRM_VM025,,,,
STRM_VM026,,,,
STRM_VM027,,,,
STRM_VM028,,,,
STRM_VM029,,,,
STRM_VM030,,,,
STRM_VM031,,,,
STRM_VM032,,,,
STRM_VM033,,,,
STRM_VM034,,,,
STRM_VM035,,,,
STRM_VM036,,,,
STRM_VM037,,,,
STRM_VM038,,,,
STRM_VM039,,,,
STRM_VM040,,,,
STRM_VM041,,,,
STRM_VM042,,,,
STRM_VM043,,,,
STRM_VM044,,,,
STRM_VM045,,,,
STRM_VM046,,,,
STRM_VM047,,,,
STRM_VM048,,,,
STRM_VM049,,,,
STRM_VM050,,,,
STRM_VM051,,,,
STRM_VM052,,,,
STRM_VM053,,,,
STRM_VM054,,,,
STRM_VM055,,,,
STRM_VM056,,,,
STRM_VM057,,,,
STRM_VM058,,,,
STRM_VM059,,,,
STRM_VM060,,,,
STRM_VM061,,,,
STRM_VM062,,,,
STRM_VM063,,,,
STRM_VM064,,,,
STRM_VM065,,,,
STRM_VM066,,,,
STRM_VM067,,,,
STRM_VM068,,,,
STRM_VM069,,,,
STRM_VM070,,,,
STRM_VM071,,,,
STRM_VM072,,,,
STRM_VM073,,,,
STRM_VM074,,,,
STRM_VM075,,,,
STRM_VM076,,,,
STRM_VM077,,,,
STRM_VM078,,,,
STRM_VM079,,,,
STRM_VM080,,,,
STRM_VM081,,,,
STRM_VM082,,,,
STRM_VM083,,,,
STRM_VM084,,,,
STRM_VM085,,,,
STRM_VM086,,,,
STRM_VM087,,,,
STRM_VM088,,,,
STRM_VM089,,,,
STRM_VM090,,,,
STRM_VM091,,,,
STRM_VM092,,,,
STRM_VM093,,,,
STRM_VM094,,,,
STRM_VM095,,,,
STRM_VM096,,,,
STRM_VM097,,,,
STRM_VM098,,,,
STRM_VM099,,,,
STRM_VM100,,,,
STRM_VX_RR3D_TITLE_FEMALE,,,,
STRM_VX_RR3D_TITLE_MALE,,,,
,,,,
,,,,
,,,,
,,,,
,,,,
,,,,
,,,,v